"","game_number","win","avg","shots_made","shots_taken","clutch_perc","clutch_shots_made","clutch_shots_taken","non_clutch_perc","ot","ot_taken","ot_made","ot_avg"
"1",1,0,0.333333333333333,2,6,NA,0,0,0.333333333333333,0,0,0,NA
"7",2,1,0,0,3,NA,0,0,0,0,0,0,NA
"10",3,0,1,2,2,1,2,2,NA,0,0,0,NA
"12",4,1,0.25,1,4,NA,0,0,0.25,0,0,0,NA
"16",5,1,0.8,4,5,1,1,1,0.75,0,0,0,NA
"21",6,0,0.666666666666667,2,3,1,1,1,0.5,0,0,0,NA
"24",7,1,0.444444444444444,4,9,NA,0,0,0.444444444444444,0,0,0,NA
"33",8,0,0.2,1,5,0,0,2,0.333333333333333,0,0,0,NA
"38",9,0,0,0,4,NA,0,0,0,0,0,0,NA
"42",10,1,0,0,1,NA,0,0,0,0,0,0,NA
"43",11,0,0.5,2,4,0,0,1,0.666666666666667,1,1,0,0
"47",12,1,0.666666666666667,2,3,NA,0,0,0.666666666666667,0,0,0,NA
"50",13,1,0.666666666666667,6,9,NA,0,0,0.666666666666667,0,0,0,NA
"59",14,1,0.363636363636364,4,11,NA,0,0,0.363636363636364,0,0,0,NA
"70",15,1,0.2,1,5,0,0,1,0.25,0,0,0,NA
"75",16,1,0.6,3,5,0.5,1,2,0.666666666666667,0,0,0,NA
"80",17,1,0.4,4,10,0,0,1,0.444444444444444,0,0,0,NA
"90",18,1,0.444444444444444,4,9,0,0,1,0.5,0,0,0,NA
"99",19,0,0.222222222222222,2,9,NA,0,0,0.222222222222222,0,0,0,NA
"108",20,1,0.4,2,5,NA,0,0,0.4,0,0,0,NA
"113",21,1,0,0,3,NA,0,0,0,0,0,0,NA
"116",22,1,0.375,3,8,NA,0,0,0.375,0,0,0,NA
"124",23,0,0,0,2,0,0,1,0,0,0,0,NA
"126",24,0,0,0,1,0,0,1,NA,0,0,0,NA
"127",25,0,0.428571428571429,3,7,0,0,1,0.5,0,0,0,NA
"134",26,0,0.285714285714286,2,7,1,1,1,0.166666666666667,0,0,0,NA
"141",27,1,0.666666666666667,4,6,NA,0,0,0.666666666666667,0,0,0,NA
"147",28,0,0.461538461538462,6,13,1,1,1,0.416666666666667,0,0,0,NA
"160",29,1,0.125,1,8,NA,0,0,0.125,0,0,0,NA
"168",30,0,0.5,3,6,NA,0,0,0.5,0,0,0,NA
"174",31,1,0.428571428571429,6,14,0.666666666666667,2,3,0.363636363636364,1,3,2,0.666666666666667
"188",32,1,0.285714285714286,2,7,NA,0,0,0.285714285714286,0,0,0,NA
"195",33,1,0.888888888888889,8,9,NA,0,0,0.888888888888889,0,0,0,NA
"204",34,0,0,0,7,NA,0,0,0,0,0,0,NA
"211",35,1,0.75,3,4,NA,0,0,0.75,0,0,0,NA
"215",36,1,0.5,1,2,0,0,1,1,0,0,0,NA
"217",37,0,0.545454545454545,6,11,1,2,2,0.444444444444444,0,0,0,NA
"228",38,0,0.142857142857143,1,7,0,0,1,0.166666666666667,0,0,0,NA
"235",39,1,0.4,2,5,NA,0,0,0.4,0,0,0,NA
"240",40,0,0.166666666666667,1,6,0,0,1,0.2,0,0,0,NA
"246",41,0,0.363636363636364,4,11,0.2,1,5,0.5,1,5,1,0.2
"257",42,1,0.384615384615385,5,13,1,1,1,0.333333333333333,0,0,0,NA
"270",43,1,0.6875,11,16,NA,0,0,0.6875,0,0,0,NA
"286",44,1,0.25,2,8,NA,0,0,0.25,0,0,0,NA
"294",45,1,0.444444444444444,8,18,NA,0,0,0.444444444444444,0,0,0,NA
"312",46,0,0.6,6,10,1,1,1,0.555555555555556,0,0,0,NA
"322",47,1,0.5,2,4,NA,0,0,0.5,0,0,0,NA
"326",48,0,0.416666666666667,5,12,1,1,1,0.363636363636364,0,0,0,NA
"338",49,1,0.4,4,10,0,0,1,0.444444444444444,0,0,0,NA
"348",50,1,0.272727272727273,3,11,NA,0,0,0.272727272727273,0,0,0,NA
"359",51,1,0.4,4,10,NA,0,0,0.4,0,0,0,NA
"369",52,1,0.714285714285714,5,7,NA,0,0,0.714285714285714,0,0,0,NA
"376",53,0,0.333333333333333,4,12,0.5,1,2,0.3,0,0,0,NA
"388",54,0,0.142857142857143,1,7,NA,0,0,0.142857142857143,0,0,0,NA
"395",55,1,0.375,3,8,NA,0,0,0.375,0,0,0,NA
"403",56,1,0.833333333333333,5,6,NA,0,0,0.833333333333333,0,0,0,NA
"409",57,1,0.545454545454545,6,11,NA,0,0,0.545454545454545,0,0,0,NA
"420",58,1,0.5,6,12,NA,0,0,0.5,0,0,0,NA
"432",59,1,0.666666666666667,6,9,NA,0,0,0.666666666666667,0,0,0,NA
"441",60,1,0.4,4,10,1,1,1,0.333333333333333,0,0,0,NA
"451",61,0,0.4,4,10,0.333333333333333,1,3,0.428571428571429,1,3,1,0.333333333333333
"461",62,0,0.555555555555556,5,9,0,0,1,0.625,0,0,0,NA
"470",63,0,0.428571428571429,3,7,0,0,1,0.5,0,0,0,NA
"477",64,0,0.454545454545455,5,11,0,0,1,0.5,0,0,0,NA
"488",65,1,0,0,5,NA,0,0,0,0,0,0,NA
"493",66,1,0.4,4,10,0,0,1,0.444444444444444,0,0,0,NA
"503",67,0,0.333333333333333,3,9,NA,0,0,0.333333333333333,0,0,0,NA
"512",68,1,0.444444444444444,4,9,NA,0,0,0.444444444444444,0,0,0,NA
"521",69,1,0.25,2,8,NA,0,0,0.25,0,0,0,NA
"529",70,1,0.125,1,8,NA,0,0,0.125,0,0,0,NA
"537",71,1,0.666666666666667,6,9,NA,0,0,0.666666666666667,0,0,0,NA
"546",72,0,0,0,3,NA,0,0,0,0,0,0,NA
"549",73,1,0.375,3,8,NA,0,0,0.375,0,0,0,NA
"557",74,1,0.545454545454545,6,11,NA,0,0,0.545454545454545,0,0,0,NA
"568",75,1,0.6,6,10,1,1,1,0.555555555555556,0,0,0,NA
"578",76,1,0.25,2,8,0,0,3,0.4,1,3,0,0
"586",77,1,0.571428571428571,4,7,NA,0,0,0.571428571428571,0,0,0,NA
"593",78,1,0.555555555555556,5,9,1,1,1,0.5,0,0,0,NA
"602",79,1,0.6,3,5,NA,0,0,0.6,0,0,0,NA
"607",80,1,0.529411764705882,9,17,1,1,1,0.5,0,0,0,NA
"624",81,1,0.2,1,5,NA,0,0,0.2,0,0,0,NA
"629",82,1,0.25,1,4,NA,0,0,0.25,0,0,0,NA
"633",83,1,0.615384615384615,8,13,NA,0,0,0.615384615384615,0,0,0,NA
"646",84,0,0.25,1,4,NA,0,0,0.25,0,0,0,NA
"650",85,1,1,1,1,NA,0,0,1,0,0,0,NA
"651",86,1,0.555555555555556,5,9,1,1,1,0.5,0,0,0,NA
"660",87,0,0.421052631578947,8,19,NA,0,0,0.421052631578947,0,0,0,NA
"679",88,1,0.5,6,12,NA,0,0,0.5,0,0,0,NA
"691",89,0,0.388888888888889,7,18,0.666666666666667,2,3,0.333333333333333,0,0,0,NA
"709",90,0,0.5,6,12,0.666666666666667,2,3,0.444444444444444,1,3,2,0.666666666666667
"721",91,0,0.210526315789474,4,19,0,0,2,0.235294117647059,0,0,0,NA
"740",92,1,0.4,2,5,NA,0,0,0.4,0,0,0,NA
"745",93,1,0.714285714285714,5,7,NA,0,0,0.714285714285714,0,0,0,NA
"752",94,1,0.272727272727273,3,11,NA,0,0,0.272727272727273,0,0,0,NA
"763",95,1,0.611111111111111,11,18,1,1,1,0.588235294117647,0,0,0,NA
"781",96,1,0.5,6,12,NA,0,0,0.5,0,0,0,NA
"793",97,1,0.8,4,5,NA,0,0,0.8,0,0,0,NA
"798",98,1,0.5,6,12,NA,0,0,0.5,0,0,0,NA
"810",99,1,0.375,3,8,1,1,1,0.285714285714286,0,0,0,NA
"818",100,0,0.363636363636364,4,11,1,1,1,0.3,0,0,0,NA
"829",101,0,0.615384615384615,8,13,1,1,1,0.583333333333333,0,0,0,NA
"842",102,0,0.428571428571429,9,21,0.333333333333333,1,3,0.444444444444444,0,0,0,NA
"863",103,0,0.615384615384615,8,13,NA,0,0,0.615384615384615,0,0,0,NA
"876",104,1,0.555555555555556,10,18,0.5,1,2,0.5625,0,0,0,NA
"894",105,1,0.5,6,12,NA,0,0,0.5,0,0,0,NA
"906",106,0,0.357142857142857,5,14,NA,0,0,0.357142857142857,0,0,0,NA
"920",107,1,0.625,5,8,1,1,1,0.571428571428571,0,0,0,NA
"928",108,1,0.545454545454545,6,11,NA,0,0,0.545454545454545,0,0,0,NA
"939",109,0,0.285714285714286,4,14,NA,0,0,0.285714285714286,0,0,0,NA
"953",110,0,0.4,6,15,NA,0,0,0.4,0,0,0,NA
"968",111,1,0.642857142857143,9,14,0.75,3,4,0.6,1,2,1,0.5
"982",112,0,0.428571428571429,6,14,0.333333333333333,1,3,0.454545454545455,0,0,0,NA
"996",113,0,0.214285714285714,3,14,NA,0,0,0.214285714285714,0,0,0,NA
"1010",114,1,0.333333333333333,3,9,NA,0,0,0.333333333333333,0,0,0,NA
"1019",115,1,0.571428571428571,8,14,NA,0,0,0.571428571428571,0,0,0,NA
"1033",116,0,0.266666666666667,4,15,0.2,1,5,0.3,0,0,0,NA
"1048",117,1,0.368421052631579,7,19,NA,0,0,0.368421052631579,0,0,0,NA
"1067",118,0,0.5,5,10,0,0,1,0.555555555555556,0,0,0,NA
"1077",119,1,0.6,6,10,NA,0,0,0.6,0,0,0,NA
"1087",120,1,0.333333333333333,4,12,NA,0,0,0.333333333333333,0,0,0,NA
"1099",121,0,0.625,10,16,0.5,1,2,0.642857142857143,0,0,0,NA
"1115",122,1,0.4,4,10,NA,0,0,0.4,0,0,0,NA
"1125",123,1,0.421052631578947,8,19,0,0,1,0.444444444444444,0,0,0,NA
"1144",124,1,0.5,9,18,0.5,1,2,0.5,0,0,0,NA
"1162",125,1,0.470588235294118,8,17,0,0,1,0.5,0,0,0,NA
"1179",126,1,0.571428571428571,8,14,NA,0,0,0.571428571428571,0,0,0,NA
"1193",127,1,0.476190476190476,10,21,NA,0,0,0.476190476190476,0,0,0,NA
"1214",128,1,0.266666666666667,4,15,NA,0,0,0.266666666666667,0,0,0,NA
"1229",129,1,0.7,7,10,NA,0,0,0.7,0,0,0,NA
"1239",130,1,0.4375,7,16,NA,0,0,0.4375,0,0,0,NA
"1255",131,0,0.333333333333333,4,12,0,0,1,0.363636363636364,0,0,0,NA
"1267",132,1,0.375,6,16,0,0,1,0.4,0,0,0,NA
"1283",133,1,0.3,3,10,NA,0,0,0.3,0,0,0,NA
"1293",134,0,0.75,12,16,1,2,2,0.714285714285714,0,0,0,NA
"1309",135,0,0.5,7,14,NA,0,0,0.5,0,0,0,NA
"1323",136,1,0.571428571428571,4,7,NA,0,0,0.571428571428571,0,0,0,NA
"1330",137,1,0.545454545454545,6,11,1,1,1,0.5,0,0,0,NA
"1341",138,1,0.5,6,12,NA,0,0,0.5,0,0,0,NA
"1353",139,1,0.666666666666667,10,15,NA,0,0,0.666666666666667,0,0,0,NA
"1368",140,1,0.5,5,10,0,0,1,0.555555555555556,0,0,0,NA
"1378",141,1,0.421052631578947,8,19,1,2,2,0.352941176470588,0,0,0,NA
"1397",142,1,0.461538461538462,6,13,0,0,1,0.5,0,0,0,NA
"1410",143,1,0.75,9,12,NA,0,0,0.75,0,0,0,NA
"1422",144,1,0.5,9,18,NA,0,0,0.5,0,0,0,NA
"1440",145,1,0.4,6,15,NA,0,0,0.4,0,0,0,NA
"1455",146,0,0.125,1,8,NA,0,0,0.125,0,0,0,NA
"1463",147,1,0.5,9,18,NA,0,0,0.5,0,0,0,NA
"1481",148,1,0.3,6,20,NA,0,0,0.3,0,0,0,NA
"1501",149,1,0.416666666666667,5,12,NA,0,0,0.416666666666667,0,0,0,NA
"1513",150,1,0.642857142857143,9,14,NA,0,0,0.642857142857143,0,0,0,NA
"1527",151,1,0.6875,11,16,NA,0,0,0.6875,0,0,0,NA
"1543",152,1,0.333333333333333,4,12,NA,0,0,0.333333333333333,0,0,0,NA
"1555",153,1,0.444444444444444,4,9,NA,0,0,0.444444444444444,0,0,0,NA
"1564",154,1,0.684210526315789,13,19,1,1,1,0.666666666666667,0,0,0,NA
"1583",155,0,0.5,9,18,0.333333333333333,2,6,0.583333333333333,1,4,2,0.5
"1601",156,1,0.6,12,20,NA,0,0,0.6,0,0,0,NA
"1621",157,0,0.478260869565217,11,23,0.5,2,4,0.473684210526316,0,0,0,NA
"1644",158,0,0.523809523809524,11,21,0.333333333333333,1,3,0.555555555555556,0,0,0,NA
"1665",159,1,0.461538461538462,6,13,NA,0,0,0.461538461538462,0,0,0,NA
"1678",160,1,0.5,7,14,NA,0,0,0.5,0,0,0,NA
"1692",161,1,0.375,3,8,NA,0,0,0.375,0,0,0,NA
"1700",162,1,0.4,6,15,0,0,1,0.428571428571429,0,0,0,NA
"1715",163,0,0.466666666666667,7,15,NA,0,0,0.466666666666667,0,0,0,NA
"1730",164,0,0.166666666666667,1,6,NA,0,0,0.166666666666667,0,0,0,NA
"1736",165,1,0.285714285714286,4,14,NA,0,0,0.285714285714286,0,0,0,NA
"1750",166,1,0.444444444444444,8,18,1,1,1,0.411764705882353,0,0,0,NA
"1768",167,1,0.5,5,10,0,0,1,0.555555555555556,0,0,0,NA
"1778",168,1,0.578947368421053,11,19,1,4,4,0.466666666666667,1,3,3,1
"1797",169,1,0.444444444444444,4,9,NA,0,0,0.444444444444444,0,0,0,NA
"1806",170,1,0.583333333333333,7,12,0,0,2,0.7,0,0,0,NA
"1818",171,1,0.454545454545455,5,11,NA,0,0,0.454545454545455,0,0,0,NA
"1829",172,0,0.461538461538462,6,13,0,0,1,0.5,0,0,0,NA
"1842",173,1,0.44,11,25,0.5,1,2,0.434782608695652,0,0,0,NA
"1867",174,1,0.5,8,16,NA,0,0,0.5,0,0,0,NA
"1883",175,1,0.333333333333333,7,21,0.75,3,4,0.235294117647059,1,3,2,0.666666666666667
"1904",176,1,0.333333333333333,7,21,0,0,2,0.368421052631579,0,0,0,NA
"1925",177,1,0.4,8,20,NA,0,0,0.4,0,0,0,NA
"1945",178,0,0.428571428571429,6,14,NA,0,0,0.428571428571429,0,0,0,NA
"1959",179,0,0.380952380952381,8,21,NA,0,0,0.380952380952381,0,0,0,NA
"1980",180,0,0.285714285714286,8,28,0,0,2,0.307692307692308,0,0,0,NA
"2008",181,1,0.4,6,15,NA,0,0,0.4,0,0,0,NA
"2023",182,1,0.625,10,16,1,1,1,0.6,0,0,0,NA
"2039",183,0,0.444444444444444,8,18,NA,0,0,0.444444444444444,0,0,0,NA
"2057",184,1,0.647058823529412,11,17,NA,0,0,0.647058823529412,0,0,0,NA
"2074",185,1,0.428571428571429,6,14,NA,0,0,0.428571428571429,0,0,0,NA
"2088",186,0,0.473684210526316,9,19,0,0,1,0.5,0,0,0,NA
"2107",187,1,0.4,8,20,NA,0,0,0.4,0,0,0,NA
"2127",188,0,0.411764705882353,7,17,0,0,2,0.466666666666667,0,0,0,NA
"2144",189,1,0.434782608695652,10,23,0.4,2,5,0.444444444444444,1,3,1,0.333333333333333
"2167",190,0,0.214285714285714,3,14,NA,0,0,0.214285714285714,0,0,0,NA
"2181",191,1,0.466666666666667,7,15,1,1,1,0.428571428571429,0,0,0,NA
"2196",192,0,0.476190476190476,10,21,0.666666666666667,2,3,0.444444444444444,0,0,0,NA
"2217",193,1,0.4,8,20,0,0,1,0.421052631578947,0,0,0,NA
"2237",194,1,0.304347826086957,7,23,NA,0,0,0.304347826086957,0,0,0,NA
"2260",195,1,0.5,12,24,0.333333333333333,1,3,0.523809523809524,0,0,0,NA
"2284",196,1,0.571428571428571,12,21,0.375,3,8,0.692307692307692,1,5,1,0.2
"2305",197,0,0.5,6,12,NA,0,0,0.5,0,0,0,NA
"2317",198,1,0.363636363636364,4,11,0.5,1,2,0.333333333333333,0,0,0,NA
"2328",199,0,0.428571428571429,9,21,0,0,1,0.45,0,0,0,NA
"2349",200,1,0.333333333333333,5,15,NA,0,0,0.333333333333333,0,0,0,NA
"2364",201,1,0.384615384615385,5,13,NA,0,0,0.384615384615385,0,0,0,NA
"2377",202,1,0.615384615384615,8,13,NA,0,0,0.615384615384615,0,0,0,NA
"2390",203,0,0.428571428571429,12,28,0.666666666666667,4,6,0.363636363636364,1,4,3,0.75
"2418",204,1,0.555555555555556,15,27,0.666666666666667,4,6,0.523809523809524,1,3,3,1
"2445",205,1,0.2,3,15,0,0,1,0.214285714285714,0,0,0,NA
"2460",206,0,0.4,8,20,0.2,1,5,0.466666666666667,0,0,0,NA
"2480",207,0,0,0,4,NA,0,0,0,0,0,0,NA
"2484",208,1,0.545454545454545,12,22,NA,0,0,0.545454545454545,0,0,0,NA
"2506",209,1,0.5,5,10,NA,0,0,0.5,0,0,0,NA
"2516",210,1,0.411764705882353,7,17,0,0,1,0.4375,0,0,0,NA
"2533",211,1,0.5,9,18,NA,0,0,0.5,0,0,0,NA
"2551",212,1,0.516129032258065,16,31,0,0,1,0.533333333333333,0,0,0,NA
"2582",213,1,0.45,9,20,1,1,1,0.421052631578947,0,0,0,NA
"2602",214,1,0.523809523809524,11,21,NA,0,0,0.523809523809524,0,0,0,NA
"2623",215,1,0.45,9,20,NA,0,0,0.45,0,0,0,NA
"2643",216,1,0.3,3,10,0,0,1,0.333333333333333,0,0,0,NA
"2653",217,1,0.4375,7,16,NA,0,0,0.4375,0,0,0,NA
"2669",218,1,0.5,10,20,NA,0,0,0.5,0,0,0,NA
"2689",219,1,0.727272727272727,8,11,NA,0,0,0.727272727272727,0,0,0,NA
"2700",220,1,0.684210526315789,13,19,1,1,1,0.666666666666667,0,0,0,NA
"2719",221,1,0.5,8,16,NA,0,0,0.5,0,0,0,NA
"2735",222,1,0.642857142857143,9,14,NA,0,0,0.642857142857143,0,0,0,NA
"2749",223,1,0.75,9,12,NA,0,0,0.75,0,0,0,NA
"2761",224,1,0.5,7,14,0.5,1,2,0.5,0,0,0,NA
"2775",225,1,0.444444444444444,8,18,NA,0,0,0.444444444444444,0,0,0,NA
"2793",226,1,0.5,9,18,NA,0,0,0.5,0,0,0,NA
"2811",227,1,0.454545454545455,5,11,NA,0,0,0.454545454545455,0,0,0,NA
"2822",228,1,0.409090909090909,9,22,1,1,1,0.380952380952381,0,0,0,NA
"2844",229,0,0.444444444444444,8,18,1,1,1,0.411764705882353,0,0,0,NA
"2862",230,1,0.375,9,24,0.5,1,2,0.363636363636364,0,0,0,NA
"2886",231,0,0.631578947368421,12,19,0,0,1,0.666666666666667,0,0,0,NA
"2905",232,1,0.277777777777778,5,18,0.5,1,2,0.25,0,0,0,NA
"2923",233,0,0.318181818181818,7,22,0.333333333333333,1,3,0.315789473684211,0,0,0,NA
"2945",234,1,0.333333333333333,5,15,NA,0,0,0.333333333333333,0,0,0,NA
"2960",235,1,0.529411764705882,9,17,0.5,1,2,0.533333333333333,0,0,0,NA
"2977",236,1,0.416666666666667,5,12,NA,0,0,0.416666666666667,0,0,0,NA
"2989",237,1,0.611111111111111,11,18,NA,0,0,0.611111111111111,0,0,0,NA
"3007",238,1,0.421052631578947,8,19,NA,0,0,0.421052631578947,0,0,0,NA
"3026",239,0,0.285714285714286,6,21,0,0,1,0.3,0,0,0,NA
"3047",240,0,0.416666666666667,10,24,0,0,2,0.454545454545455,0,0,0,NA
"3071",241,1,0.428571428571429,9,21,0,0,1,0.45,0,0,0,NA
"3092",242,0,0.5,8,16,1,1,1,0.466666666666667,0,0,0,NA
"3108",243,1,0.428571428571429,9,21,1,1,1,0.4,0,0,0,NA
"3129",244,0,0.521739130434783,12,23,0.333333333333333,1,3,0.55,0,0,0,NA
"3152",245,1,0.4375,7,16,1,1,1,0.4,0,0,0,NA
"3168",246,0,0.636363636363636,7,11,NA,0,0,0.636363636363636,0,0,0,NA
"3179",247,0,0.44,11,25,0,0,2,0.478260869565217,0,0,0,NA
"3204",248,0,0.444444444444444,8,18,0.666666666666667,2,3,0.4,0,0,0,NA
"3222",249,1,0.5,11,22,1,1,1,0.476190476190476,0,0,0,NA
"3244",250,1,0.3125,5,16,1,1,1,0.266666666666667,0,0,0,NA
"3260",251,0,0.363636363636364,8,22,0.5,1,2,0.35,0,0,0,NA
"3282",252,1,0.454545454545455,5,11,NA,0,0,0.454545454545455,0,0,0,NA
"3293",253,1,0.538461538461538,7,13,NA,0,0,0.538461538461538,0,0,0,NA
"3306",254,1,0.384615384615385,5,13,0,0,2,0.454545454545455,0,0,0,NA
"3319",255,1,0.384615384615385,5,13,NA,0,0,0.384615384615385,0,0,0,NA
"3332",256,0,0.411764705882353,7,17,NA,0,0,0.411764705882353,0,0,0,NA
"3349",257,1,0.545454545454545,6,11,NA,0,0,0.545454545454545,0,0,0,NA
"3360",258,0,0.363636363636364,8,22,0,0,1,0.380952380952381,0,0,0,NA
"3382",259,1,0.555555555555556,5,9,NA,0,0,0.555555555555556,0,0,0,NA
"3391",260,1,0.5,6,12,NA,0,0,0.5,0,0,0,NA
"3403",261,1,0.388888888888889,7,18,0.333333333333333,1,3,0.4,0,0,0,NA
"3421",262,0,0.416666666666667,5,12,0,0,3,0.555555555555556,1,3,0,0
"3433",263,1,0.571428571428571,8,14,NA,0,0,0.571428571428571,0,0,0,NA
"3447",264,1,0.363636363636364,8,22,NA,0,0,0.363636363636364,0,0,0,NA
"3469",265,1,0.222222222222222,4,18,0,0,1,0.235294117647059,0,0,0,NA
"3487",266,1,0.466666666666667,7,15,1,1,1,0.428571428571429,0,0,0,NA
"3502",267,1,0.473684210526316,9,19,NA,0,0,0.473684210526316,0,0,0,NA
"3521",268,1,0.588235294117647,10,17,NA,0,0,0.588235294117647,0,0,0,NA
"3538",269,0,0.35,7,20,NA,0,0,0.35,0,0,0,NA
"3558",270,0,0.454545454545455,10,22,0,0,3,0.526315789473684,0,0,0,NA
"3580",271,1,0.473684210526316,9,19,NA,0,0,0.473684210526316,0,0,0,NA
"3599",272,1,0.375,9,24,0,0,1,0.391304347826087,0,0,0,NA
"3623",273,1,0.384615384615385,5,13,NA,0,0,0.384615384615385,0,0,0,NA
"3636",274,1,0.428571428571429,6,14,NA,0,0,0.428571428571429,0,0,0,NA
"3650",275,1,0.625,10,16,0.4,2,5,0.727272727272727,1,2,1,0.5
"3666",276,0,0.333333333333333,4,12,NA,0,0,0.333333333333333,0,0,0,NA
"3678",277,0,0.307692307692308,12,39,0.285714285714286,2,7,0.3125,1,4,2,0.5
"3717",278,0,0.315789473684211,6,19,0,0,1,0.333333333333333,0,0,0,NA
"3736",279,0,0.411764705882353,7,17,NA,0,0,0.411764705882353,0,0,0,NA
"3753",280,1,0.411764705882353,14,34,0.333333333333333,2,6,0.428571428571429,1,3,1,0.333333333333333
"3787",281,0,0.483870967741935,15,31,0.5,1,2,0.482758620689655,0,0,0,NA
"3818",282,0,0.411764705882353,7,17,NA,0,0,0.411764705882353,0,0,0,NA
"3835",283,1,0.416666666666667,5,12,NA,0,0,0.416666666666667,0,0,0,NA
"3847",284,1,0.363636363636364,4,11,0.5,1,2,0.333333333333333,0,0,0,NA
"3858",285,0,0.5,14,28,0,0,1,0.518518518518518,0,0,0,NA
"3886",286,1,0.484848484848485,16,33,0.4,2,5,0.5,1,3,1,0.333333333333333
"3919",287,0,0.583333333333333,7,12,0.333333333333333,1,3,0.666666666666667,0,0,0,NA
"3931",288,0,0.357142857142857,5,14,0,0,2,0.416666666666667,0,0,0,NA
"3945",289,1,0.5625,9,16,0.5,1,2,0.571428571428571,0,0,0,NA
"3961",290,0,0.545454545454545,6,11,0,0,1,0.6,0,0,0,NA
"3972",291,1,0.363636363636364,4,11,NA,0,0,0.363636363636364,0,0,0,NA
"3983",292,0,0.227272727272727,5,22,NA,0,0,0.227272727272727,0,0,0,NA
"4005",293,0,0.444444444444444,12,27,0.5,2,4,0.434782608695652,1,2,2,1
"4032",294,0,0.333333333333333,7,21,NA,0,0,0.333333333333333,0,0,0,NA
"4053",295,1,0.588235294117647,10,17,NA,0,0,0.588235294117647,0,0,0,NA
"4070",296,0,0.466666666666667,14,30,0.428571428571429,3,7,0.478260869565217,0,0,0,NA
"4100",297,1,0.4,10,25,0,0,1,0.416666666666667,0,0,0,NA
"4125",298,1,0.4375,7,16,0,0,1,0.466666666666667,0,0,0,NA
"4141",299,1,0.454545454545455,10,22,1,1,1,0.428571428571429,0,0,0,NA
"4163",300,1,0.48,12,25,0,0,1,0.5,0,0,0,NA
"4188",301,1,0.666666666666667,14,21,NA,0,0,0.666666666666667,0,0,0,NA
"4209",302,1,0.578947368421053,11,19,NA,0,0,0.578947368421053,0,0,0,NA
"4228",303,0,0.5,16,32,1,2,2,0.466666666666667,0,0,0,NA
"4260",304,1,0.458333333333333,11,24,0.5,1,2,0.454545454545455,0,0,0,NA
"4284",305,1,0.52,13,25,0.5,1,2,0.521739130434783,0,0,0,NA
"4309",306,1,0.310344827586207,9,29,0,0,3,0.346153846153846,0,0,0,NA
"4338",307,1,0.421052631578947,8,19,1,1,1,0.388888888888889,0,0,0,NA
"4357",308,1,0.380952380952381,8,21,NA,0,0,0.380952380952381,0,0,0,NA
"4378",309,0,0.277777777777778,5,18,NA,0,0,0.277777777777778,0,0,0,NA
"4396",310,1,0.4,8,20,1,1,1,0.368421052631579,0,0,0,NA
"4416",311,1,0.5,4,8,NA,0,0,0.5,0,0,0,NA
"4424",312,0,0.333333333333333,7,21,0.333333333333333,1,3,0.333333333333333,0,0,0,NA
"4445",313,1,0.473684210526316,9,19,NA,0,0,0.473684210526316,0,0,0,NA
"4464",314,1,0.4,8,20,NA,0,0,0.4,0,0,0,NA
"4484",315,0,0.363636363636364,4,11,NA,0,0,0.363636363636364,0,0,0,NA
"4495",316,1,0.4,8,20,NA,0,0,0.4,0,0,0,NA
"4515",317,1,0.363636363636364,8,22,0.285714285714286,2,7,0.4,1,6,2,0.333333333333333
"4537",318,0,0.555555555555556,10,18,0.666666666666667,2,3,0.533333333333333,0,0,0,NA
"4555",319,1,0.538461538461538,7,13,NA,0,0,0.538461538461538,0,0,0,NA
"4568",320,1,0.518518518518518,14,27,0,0,1,0.538461538461538,0,0,0,NA
"4595",321,0,0.35,7,20,NA,0,0,0.35,0,0,0,NA
"4615",322,1,0.272727272727273,6,22,0,0,2,0.3,0,0,0,NA
"4637",323,1,0.555555555555556,10,18,NA,0,0,0.555555555555556,0,0,0,NA
"4655",324,1,0.421052631578947,8,19,NA,0,0,0.421052631578947,0,0,0,NA
"4674",325,0,0.5,12,24,1,2,2,0.454545454545455,0,0,0,NA
"4698",326,0,0.571428571428571,8,14,NA,0,0,0.571428571428571,0,0,0,NA
"4712",327,1,0.478260869565217,11,23,0.222222222222222,2,9,0.642857142857143,1,8,2,0.25
"4735",328,1,0.5,4,8,NA,0,0,0.5,0,0,0,NA
"4743",329,1,0.666666666666667,6,9,NA,0,0,0.666666666666667,0,0,0,NA
"4752",330,0,0.181818181818182,2,11,NA,0,0,0.181818181818182,0,0,0,NA
"4763",331,1,0.583333333333333,7,12,NA,0,0,0.583333333333333,0,0,0,NA
"4775",332,1,0.4,6,15,1,2,2,0.307692307692308,0,0,0,NA
"4790",333,1,0.545454545454545,6,11,NA,0,0,0.545454545454545,0,0,0,NA
"4801",334,1,0.5,5,10,NA,0,0,0.5,0,0,0,NA
"4811",335,1,0.352941176470588,6,17,0,0,1,0.375,0,0,0,NA
"4828",336,1,0.428571428571429,6,14,0,0,1,0.461538461538462,0,0,0,NA
"4842",337,0,0.214285714285714,3,14,NA,0,0,0.214285714285714,0,0,0,NA
"4856",338,0,0.642857142857143,9,14,0,0,1,0.692307692307692,0,0,0,NA
"4870",339,1,0.363636363636364,4,11,0.333333333333333,1,3,0.375,0,0,0,NA
"4881",340,0,0.571428571428571,8,14,1,1,1,0.538461538461538,0,0,0,NA
"4895",341,0,0.363636363636364,8,22,0,0,1,0.380952380952381,0,0,0,NA
"4917",342,1,0.235294117647059,4,17,NA,0,0,0.235294117647059,0,0,0,NA
"4934",343,0,0.458333333333333,11,24,0.5,1,2,0.454545454545455,0,0,0,NA
"4958",344,0,0.461538461538462,6,13,NA,0,0,0.461538461538462,0,0,0,NA
"4971",345,1,0.473684210526316,9,19,NA,0,0,0.473684210526316,0,0,0,NA
"4990",346,1,0.384615384615385,5,13,NA,0,0,0.384615384615385,0,0,0,NA
"5003",347,0,0.5,3,6,NA,0,0,0.5,0,0,0,NA
"5009",348,1,0.526315789473684,10,19,0,0,1,0.555555555555556,0,0,0,NA
"5028",349,1,0.6875,11,16,1,1,1,0.666666666666667,0,0,0,NA
"5044",350,1,0.461538461538462,6,13,NA,0,0,0.461538461538462,0,0,0,NA
"5057",351,1,0.545454545454545,12,22,1,1,1,0.523809523809524,0,0,0,NA
"5079",352,0,0.375,9,24,0.5,1,2,0.363636363636364,0,0,0,NA
"5103",353,1,0.466666666666667,7,15,NA,0,0,0.466666666666667,0,0,0,NA
"5118",354,1,0.411764705882353,7,17,1,1,1,0.375,0,0,0,NA
"5135",355,1,0.6875,11,16,0,0,1,0.733333333333333,0,0,0,NA
"5151",356,1,0.5,9,18,NA,0,0,0.5,0,0,0,NA
"5169",357,1,0.631578947368421,12,19,NA,0,0,0.631578947368421,0,0,0,NA
"5188",358,1,0.368421052631579,7,19,NA,0,0,0.368421052631579,0,0,0,NA
"5207",359,1,0.375,6,16,NA,0,0,0.375,0,0,0,NA
"5223",360,1,0.461538461538462,6,13,0,0,1,0.5,0,0,0,NA
"5236",361,0,0.363636363636364,8,22,1,1,1,0.333333333333333,0,0,0,NA
"5258",362,0,0.176470588235294,3,17,NA,0,0,0.176470588235294,0,0,0,NA
"5275",363,1,0.476190476190476,10,21,0.5,1,2,0.473684210526316,0,0,0,NA
"5296",364,1,0.481481481481481,13,27,0.375,3,8,0.526315789473684,1,5,2,0.4
"5323",365,1,0.3,6,20,0.285714285714286,2,7,0.307692307692308,1,4,2,0.5
"5343",366,1,0.571428571428571,12,21,0,0,2,0.631578947368421,0,0,0,NA
"5364",367,1,0.5,9,18,1,1,1,0.470588235294118,0,0,0,NA
"5382",368,1,0.444444444444444,8,18,NA,0,0,0.444444444444444,0,0,0,NA
"5400",369,0,0.380952380952381,8,21,NA,0,0,0.380952380952381,0,0,0,NA
"5421",370,1,0.4,8,20,NA,0,0,0.4,0,0,0,NA
"5441",371,0,0.5,8,16,0,0,1,0.533333333333333,0,0,0,NA
"5457",372,1,0.333333333333333,5,15,NA,0,0,0.333333333333333,0,0,0,NA
"5472",373,1,0.565217391304348,13,23,0.428571428571429,3,7,0.625,1,4,2,0.5
"5495",374,0,0.363636363636364,4,11,0,0,1,0.4,0,0,0,NA
"5506",375,0,0.466666666666667,7,15,NA,0,0,0.466666666666667,0,0,0,NA
"5521",376,0,0.4,8,20,0,0,1,0.421052631578947,0,0,0,NA
"5541",377,1,0.555555555555556,5,9,NA,0,0,0.555555555555556,0,0,0,NA
"5550",378,1,0.428571428571429,6,14,NA,0,0,0.428571428571429,0,0,0,NA
"5564",379,1,0.315789473684211,6,19,0,0,1,0.333333333333333,0,0,0,NA
"5583",380,1,0.473684210526316,9,19,1,1,1,0.444444444444444,0,0,0,NA
"5602",381,1,0.380952380952381,8,21,NA,0,0,0.380952380952381,0,0,0,NA
"5623",382,1,0.222222222222222,2,9,0,0,1,0.25,0,0,0,NA
"5632",383,0,0.578947368421053,11,19,0,0,1,0.611111111111111,0,0,0,NA
"5651",384,1,0.571428571428571,8,14,NA,0,0,0.571428571428571,0,0,0,NA
"5665",385,0,0.444444444444444,8,18,0.2,1,5,0.538461538461538,1,5,1,0.2
"5683",386,0,0.357142857142857,5,14,NA,0,0,0.357142857142857,0,0,0,NA
"5697",387,1,0.470588235294118,8,17,NA,0,0,0.470588235294118,0,0,0,NA
"5714",388,1,1,1,1,NA,0,0,1,0,0,0,NA
"5715",389,0,0.333333333333333,6,18,0,0,1,0.352941176470588,0,0,0,NA
"5733",390,1,0.692307692307692,9,13,NA,0,0,0.692307692307692,0,0,0,NA
"5746",391,1,0.454545454545455,5,11,NA,0,0,0.454545454545455,0,0,0,NA
"5757",392,0,0.5,5,10,NA,0,0,0.5,0,0,0,NA
"5767",393,0,0.5,11,22,0,0,2,0.55,0,0,0,NA
"5789",394,1,0.476190476190476,10,21,0,0,1,0.5,0,0,0,NA
"5810",395,0,0.272727272727273,3,11,NA,0,0,0.272727272727273,0,0,0,NA
"5821",396,0,0.35,7,20,0.5,1,2,0.333333333333333,0,0,0,NA
"5841",397,0,0.363636363636364,4,11,0.5,1,2,0.333333333333333,0,0,0,NA
"5852",398,0,0.384615384615385,5,13,NA,0,0,0.384615384615385,0,0,0,NA
"5865",399,0,0.473684210526316,9,19,0,0,2,0.529411764705882,0,0,0,NA
"5884",400,1,0.625,10,16,1,1,1,0.6,0,0,0,NA
"5900",401,0,0.428571428571429,6,14,NA,0,0,0.428571428571429,0,0,0,NA
"5914",402,0,0.428571428571429,3,7,NA,0,0,0.428571428571429,0,0,0,NA
"5921",403,0,0.235294117647059,4,17,NA,0,0,0.235294117647059,0,0,0,NA
"5938",404,1,0.666666666666667,14,21,1,1,1,0.65,0,0,0,NA
"5959",405,0,0.583333333333333,7,12,NA,0,0,0.583333333333333,0,0,0,NA
"5971",406,0,0.416666666666667,5,12,0,0,1,0.454545454545455,0,0,0,NA
"5983",407,0,0.526315789473684,10,19,0,0,1,0.555555555555556,0,0,0,NA
"6002",408,1,0.461538461538462,6,13,0,0,1,0.5,0,0,0,NA
"6015",409,1,0.714285714285714,5,7,0,0,1,0.833333333333333,0,0,0,NA
"6022",410,1,0.533333333333333,8,15,0.5,1,2,0.538461538461538,0,0,0,NA
"6037",411,0,0.470588235294118,8,17,0,0,1,0.5,0,0,0,NA
"6054",412,1,0.25,5,20,0,0,2,0.277777777777778,0,0,0,NA
"6074",413,0,0.285714285714286,6,21,0,0,2,0.315789473684211,0,0,0,NA
"6095",414,1,0.727272727272727,16,22,NA,0,0,0.727272727272727,0,0,0,NA
"6117",415,1,0.428571428571429,6,14,NA,0,0,0.428571428571429,0,0,0,NA
"6131",416,0,0.545454545454545,6,11,NA,0,0,0.545454545454545,0,0,0,NA
"6142",417,0,0.529411764705882,9,17,NA,0,0,0.529411764705882,0,0,0,NA
"6159",418,0,0.588235294117647,10,17,0.8,4,5,0.5,1,2,2,1
"6176",419,1,0.6,9,15,NA,0,0,0.6,0,0,0,NA
"6191",420,1,0.388888888888889,7,18,NA,0,0,0.388888888888889,0,0,0,NA
"6209",421,0,0.548387096774194,17,31,0.285714285714286,2,7,0.625,1,5,2,0.4
"6240",422,1,0.8,12,15,NA,0,0,0.8,0,0,0,NA
"6255",423,1,0.5,8,16,1,1,1,0.466666666666667,0,0,0,NA
"6271",424,0,0.384615384615385,5,13,NA,0,0,0.384615384615385,0,0,0,NA
"6284",425,1,0.45,9,20,0.666666666666667,2,3,0.411764705882353,1,1,1,1
"6304",426,1,0.4,4,10,NA,0,0,0.4,0,0,0,NA
"6314",427,0,0.466666666666667,7,15,NA,0,0,0.466666666666667,0,0,0,NA
"6329",428,1,0.526315789473684,10,19,1,2,2,0.470588235294118,0,0,0,NA
"6348",429,1,0.541666666666667,13,24,0,0,1,0.565217391304348,0,0,0,NA
"6372",430,1,0.6,9,15,NA,0,0,0.6,0,0,0,NA
"6387",431,0,0.416666666666667,5,12,NA,0,0,0.416666666666667,0,0,0,NA
"6399",432,0,0.411764705882353,7,17,0,0,2,0.466666666666667,0,0,0,NA
"6416",433,0,0.5,11,22,0,0,1,0.523809523809524,0,0,0,NA
"6438",434,0,0.421052631578947,8,19,0.5,1,2,0.411764705882353,0,0,0,NA
"6457",435,0,0.333333333333333,7,21,0,0,2,0.368421052631579,0,0,0,NA
"6478",436,1,0.571428571428571,12,21,NA,0,0,0.571428571428571,0,0,0,NA
"6499",437,1,0.307692307692308,4,13,0.5,1,2,0.272727272727273,0,0,0,NA
"6512",438,0,0.473684210526316,9,19,0.5,1,2,0.470588235294118,0,0,0,NA
"6531",439,0,0.346153846153846,9,26,0,0,2,0.375,0,0,0,NA
"6557",440,0,0.461538461538462,12,26,0.4,2,5,0.476190476190476,1,3,1,0.333333333333333
"6583",441,1,0.518518518518518,14,27,0.5,1,2,0.52,0,0,0,NA
"6610",442,1,0.545454545454545,12,22,NA,0,0,0.545454545454545,0,0,0,NA
"6632",443,0,0.439024390243902,18,41,0.5,5,10,0.419354838709677,1,6,3,0.5
"6673",444,0,0.354838709677419,11,31,0,0,1,0.366666666666667,0,0,0,NA
"6704",445,0,0.541666666666667,13,24,1,2,2,0.5,0,0,0,NA
"6728",446,0,0.461538461538462,12,26,0,0,1,0.48,0,0,0,NA
"6754",447,0,0.25,6,24,0,0,3,0.285714285714286,0,0,0,NA
"6778",448,1,0.681818181818182,15,22,NA,0,0,0.681818181818182,0,0,0,NA
"6800",449,0,0.5,5,10,NA,0,0,0.5,0,0,0,NA
"6810",450,0,0.421052631578947,8,19,NA,0,0,0.421052631578947,0,0,0,NA
"6829",451,0,0.375,12,32,0.5,1,2,0.366666666666667,0,0,0,NA
"6861",452,0,0.413793103448276,12,29,0.666666666666667,2,3,0.384615384615385,0,0,0,NA
"6890",453,1,0.75,12,16,NA,0,0,0.75,0,0,0,NA
"6906",454,1,0.5,7,14,1,1,1,0.461538461538462,0,0,0,NA
"6920",455,1,0.333333333333333,5,15,1,2,2,0.230769230769231,0,0,0,NA
"6935",456,1,0.428571428571429,6,14,NA,0,0,0.428571428571429,0,0,0,NA
"6949",457,1,0.5,7,14,NA,0,0,0.5,0,0,0,NA
"6963",458,0,0.388888888888889,7,18,0,0,1,0.411764705882353,0,0,0,NA
"6981",459,0,0.333333333333333,6,18,0,0,1,0.352941176470588,0,0,0,NA
"6999",460,1,0.571428571428571,12,21,NA,0,0,0.571428571428571,0,0,0,NA
"7020",461,1,0.555555555555556,10,18,NA,0,0,0.555555555555556,0,0,0,NA
"7038",462,0,0.428571428571429,6,14,NA,0,0,0.428571428571429,0,0,0,NA
"7052",463,1,0.4,8,20,NA,0,0,0.4,0,0,0,NA
"7072",464,1,0.333333333333333,5,15,NA,0,0,0.333333333333333,0,0,0,NA
"7087",465,1,0.625,10,16,NA,0,0,0.625,0,0,0,NA
"7103",466,1,0.4375,7,16,0,0,1,0.466666666666667,0,0,0,NA
"7119",467,1,0.388888888888889,7,18,NA,0,0,0.388888888888889,0,0,0,NA
"7137",468,0,0.44,11,25,0,0,2,0.478260869565217,0,0,0,NA
"7162",469,0,0.529411764705882,9,17,0.666666666666667,2,3,0.5,0,0,0,NA
"7179",470,1,0.473684210526316,9,19,1,1,1,0.444444444444444,0,0,0,NA
"7198",471,0,0.521739130434783,12,23,0.666666666666667,2,3,0.5,0,0,0,NA
"7221",472,1,0.608695652173913,14,23,1,1,1,0.590909090909091,0,0,0,NA
"7244",473,1,0.3,3,10,NA,0,0,0.3,0,0,0,NA
"7254",474,1,0.615384615384615,8,13,1,1,1,0.583333333333333,0,0,0,NA
"7267",475,1,0.5625,9,16,NA,0,0,0.5625,0,0,0,NA
"7283",476,1,0.428571428571429,6,14,NA,0,0,0.428571428571429,0,0,0,NA
"7297",477,1,0.454545454545455,5,11,NA,0,0,0.454545454545455,0,0,0,NA
"7308",478,1,0.5,11,22,NA,0,0,0.5,0,0,0,NA
"7330",479,1,0.416666666666667,5,12,NA,0,0,0.416666666666667,0,0,0,NA
"7342",480,1,0.521739130434783,12,23,0.666666666666667,4,6,0.470588235294118,1,5,3,0.6
"7365",481,0,0.375,6,16,0,0,2,0.428571428571429,0,0,0,NA
"7381",482,0,0.34375,11,32,0,0,3,0.379310344827586,0,0,0,NA
"7413",483,1,0.571428571428571,12,21,NA,0,0,0.571428571428571,0,0,0,NA
"7434",484,1,0.5,7,14,NA,0,0,0.5,0,0,0,NA
"7448",485,0,0.416666666666667,10,24,0.5,1,2,0.409090909090909,0,0,0,NA
"7472",486,0,0.35,7,20,NA,0,0,0.35,0,0,0,NA
"7492",487,0,0.514285714285714,18,35,NA,0,0,0.514285714285714,0,0,0,NA
"7527",488,1,0.642857142857143,9,14,NA,0,0,0.642857142857143,0,0,0,NA
"7541",489,1,0.615384615384615,8,13,NA,0,0,0.615384615384615,0,0,0,NA
"7554",490,0,0.5,10,20,0.5,1,2,0.5,0,0,0,NA
"7574",491,1,0.363636363636364,4,11,NA,0,0,0.363636363636364,0,0,0,NA
"7585",492,1,0.538461538461538,7,13,0,0,1,0.583333333333333,0,0,0,NA
"7598",493,1,0.416666666666667,5,12,NA,0,0,0.416666666666667,0,0,0,NA
"7610",494,1,0.2,2,10,NA,0,0,0.2,0,0,0,NA
"7620",495,1,0.64,16,25,NA,0,0,0.64,0,0,0,NA
"7645",496,1,0.611111111111111,11,18,0.5,1,2,0.625,0,0,0,NA
"7663",497,1,0.5,7,14,0,0,1,0.538461538461538,0,0,0,NA
"7677",498,1,0.538461538461538,7,13,0,0,1,0.583333333333333,0,0,0,NA
"7690",499,0,0.470588235294118,8,17,0,0,1,0.5,0,0,0,NA
"7707",500,0,0.384615384615385,10,26,0.25,2,8,0.444444444444444,1,6,1,0.166666666666667
"7733",501,1,0.6,6,10,NA,0,0,0.6,0,0,0,NA
"7743",502,1,0.4375,7,16,0,0,2,0.5,0,0,0,NA
"7759",503,1,0.526315789473684,10,19,1,1,1,0.5,0,0,0,NA
"7778",504,1,0.615384615384615,8,13,NA,0,0,0.615384615384615,0,0,0,NA
"7791",505,1,0.481481481481481,13,27,0,0,3,0.541666666666667,0,0,0,NA
"7818",506,1,0.529411764705882,9,17,1,2,2,0.466666666666667,0,0,0,NA
"7835",507,0,0.2,3,15,NA,0,0,0.2,0,0,0,NA
"7850",508,1,0.555555555555556,5,9,NA,0,0,0.555555555555556,0,0,0,NA
"7859",509,1,0.476190476190476,10,21,0.5,1,2,0.473684210526316,0,0,0,NA
"7880",510,1,0.411764705882353,7,17,NA,0,0,0.411764705882353,0,0,0,NA
"7897",511,0,0.4,10,25,1,1,1,0.375,0,0,0,NA
"7922",512,1,0.571428571428571,8,14,NA,0,0,0.571428571428571,0,0,0,NA
"7936",513,1,0.6,9,15,NA,0,0,0.6,0,0,0,NA
"7951",514,1,0.4375,7,16,0.333333333333333,1,3,0.461538461538462,0,0,0,NA
"7967",515,1,0.636363636363636,7,11,NA,0,0,0.636363636363636,0,0,0,NA
"7978",516,0,0.5625,9,16,1,1,1,0.533333333333333,0,0,0,NA
"7994",517,1,0.666666666666667,10,15,1,2,2,0.615384615384615,0,0,0,NA
"8009",518,1,0.545454545454545,6,11,NA,0,0,0.545454545454545,0,0,0,NA
"8020",519,1,0.555555555555556,10,18,1,1,1,0.529411764705882,0,0,0,NA
"8038",520,1,0.315789473684211,6,19,0,0,2,0.352941176470588,0,0,0,NA
"8057",521,0,0.5,9,18,NA,0,0,0.5,0,0,0,NA
"8075",522,1,0.470588235294118,8,17,1,1,1,0.4375,0,0,0,NA
"8092",523,1,0.384615384615385,5,13,NA,0,0,0.384615384615385,0,0,0,NA
"8105",524,1,0.65,13,20,1,1,1,0.631578947368421,0,0,0,NA
"8125",525,1,0.642857142857143,9,14,NA,0,0,0.642857142857143,0,0,0,NA
"8139",526,1,0.538461538461538,7,13,NA,0,0,0.538461538461538,0,0,0,NA
"8152",527,0,0.733333333333333,11,15,0,0,1,0.785714285714286,0,0,0,NA
"8167",528,1,0.4,6,15,0,0,1,0.428571428571429,0,0,0,NA
"8182",529,1,0.333333333333333,4,12,0,0,1,0.363636363636364,0,0,0,NA
"8194",530,1,0.384615384615385,10,26,1,1,1,0.36,0,0,0,NA
"8220",531,0,0.428571428571429,9,21,0.2,1,5,0.5,0,0,0,NA
"8241",532,1,0.368421052631579,7,19,NA,0,0,0.368421052631579,0,0,0,NA
"8260",533,1,0.4,4,10,0,0,1,0.444444444444444,0,0,0,NA
"8270",534,1,0.375,3,8,NA,0,0,0.375,0,0,0,NA
"8278",535,1,0.461538461538462,6,13,NA,0,0,0.461538461538462,0,0,0,NA
"8291",536,1,0.5,8,16,NA,0,0,0.5,0,0,0,NA
"8307",537,1,0.620689655172414,18,29,NA,0,0,0.620689655172414,0,0,0,NA
"8336",538,1,0.545454545454545,12,22,0.333333333333333,1,3,0.578947368421053,0,0,0,NA
"8358",539,1,0.357142857142857,5,14,0,0,2,0.416666666666667,0,0,0,NA
"8372",540,1,0.4,4,10,NA,0,0,0.4,0,0,0,NA
"8382",541,1,0.352941176470588,6,17,0.5,1,2,0.333333333333333,0,0,0,NA
"8399",542,1,0.727272727272727,8,11,NA,0,0,0.727272727272727,0,0,0,NA
"8410",543,1,0.476190476190476,10,21,NA,0,0,0.476190476190476,0,0,0,NA
"8431",544,1,0.454545454545455,5,11,NA,0,0,0.454545454545455,0,0,0,NA
"8442",545,0,0.384615384615385,10,26,NA,0,0,0.384615384615385,0,0,0,NA
"8468",546,1,0.526315789473684,10,19,0.5,1,2,0.529411764705882,0,0,0,NA
"8487",547,0,0.384615384615385,5,13,0.5,1,2,0.363636363636364,0,0,0,NA
"8500",548,1,0.375,9,24,1,1,1,0.347826086956522,0,0,0,NA
"8524",549,1,0.571428571428571,8,14,NA,0,0,0.571428571428571,0,0,0,NA
"8538",550,1,0.25,4,16,0,0,1,0.266666666666667,0,0,0,NA
"8554",551,0,0.428571428571429,9,21,0.5,1,2,0.421052631578947,0,0,0,NA
"8575",552,1,0.5,8,16,0,0,3,0.615384615384615,0,0,0,NA
"8591",553,1,0.666666666666667,6,9,NA,0,0,0.666666666666667,0,0,0,NA
"8600",554,1,0.333333333333333,5,15,0,0,1,0.357142857142857,0,0,0,NA
"8615",555,0,0.421052631578947,8,19,0,0,3,0.5,0,0,0,NA
"8634",556,1,0.75,6,8,NA,0,0,0.75,0,0,0,NA
"8642",557,1,0.538461538461538,7,13,1,1,1,0.5,0,0,0,NA
"8655",558,1,0.65,13,20,0,0,1,0.684210526315789,0,0,0,NA
"8675",559,1,0.565217391304348,13,23,NA,0,0,0.565217391304348,0,0,0,NA
"8698",560,1,0.571428571428571,8,14,NA,0,0,0.571428571428571,0,0,0,NA
"8712",561,0,0.409090909090909,9,22,NA,0,0,0.409090909090909,0,0,0,NA
"8734",562,1,0.458333333333333,11,24,0,0,1,0.478260869565217,0,0,0,NA
"8758",563,0,0.375,9,24,0,0,1,0.391304347826087,0,0,0,NA
"8782",564,1,0.461538461538462,6,13,0,0,1,0.5,0,0,0,NA
"8795",565,1,0.611111111111111,11,18,NA,0,0,0.611111111111111,0,0,0,NA
"8813",566,1,0.444444444444444,8,18,0.25,1,4,0.5,1,2,1,0.5
"8831",567,0,0.5,11,22,0.333333333333333,1,3,0.526315789473684,0,0,0,NA
"8853",568,1,0.36,9,25,0.25,1,4,0.380952380952381,1,4,1,0.25
"8878",569,1,0.444444444444444,8,18,NA,0,0,0.444444444444444,0,0,0,NA
"8896",570,1,0.45,9,20,1,1,1,0.421052631578947,0,0,0,NA
"8916",571,0,0.333333333333333,6,18,NA,0,0,0.333333333333333,0,0,0,NA
"8934",572,1,0.5,14,28,0,0,1,0.518518518518518,0,0,0,NA
"8962",573,1,0.4,8,20,0.333333333333333,1,3,0.411764705882353,1,2,1,0.5
"8982",574,1,0.52,13,25,0.5,2,4,0.523809523809524,1,4,2,0.5
"9007",575,1,0.615384615384615,16,26,1,2,2,0.583333333333333,0,0,0,NA
"9033",576,1,0.625,10,16,NA,0,0,0.625,0,0,0,NA
"9049",577,1,0.555555555555556,10,18,NA,0,0,0.555555555555556,0,0,0,NA
"9067",578,0,0.230769230769231,3,13,NA,0,0,0.230769230769231,0,0,0,NA
"9080",579,1,0.576923076923077,15,26,0.5,1,2,0.583333333333333,0,0,0,NA
"9106",580,1,0.263157894736842,5,19,NA,0,0,0.263157894736842,0,0,0,NA
"9125",581,1,0.476190476190476,10,21,NA,0,0,0.476190476190476,0,0,0,NA
"9146",582,1,0.736842105263158,14,19,1,1,1,0.722222222222222,0,0,0,NA
"9165",583,1,0.352941176470588,6,17,NA,0,0,0.352941176470588,0,0,0,NA
"9182",584,1,0.428571428571429,3,7,NA,0,0,0.428571428571429,0,0,0,NA
"9189",585,1,0.5625,9,16,NA,0,0,0.5625,0,0,0,NA
"9205",586,1,0.375,6,16,NA,0,0,0.375,0,0,0,NA
"9221",587,0,0.3,6,20,0,0,1,0.315789473684211,0,0,0,NA
"9241",588,1,0.590909090909091,13,22,1,2,2,0.55,0,0,0,NA
"9263",589,1,0.48,12,25,0.6,3,5,0.45,1,3,3,1
"9288",590,1,0.555555555555556,15,27,0.333333333333333,3,9,0.666666666666667,1,8,3,0.375
"9315",591,1,0.478260869565217,11,23,1,1,1,0.454545454545455,0,0,0,NA
"9338",592,1,0.333333333333333,7,21,1,1,1,0.3,0,0,0,NA
"9359",593,0,0.361111111111111,13,36,0.333333333333333,1,3,0.363636363636364,0,0,0,NA
"9395",594,1,0.2,4,20,NA,0,0,0.2,0,0,0,NA
"9415",595,0,0.75,6,8,NA,0,0,0.75,0,0,0,NA
"9423",596,1,0.5,8,16,NA,0,0,0.5,0,0,0,NA
"9439",597,1,0.380952380952381,8,21,0.333333333333333,1,3,0.388888888888889,0,0,0,NA
"9460",598,1,0.461538461538462,6,13,NA,0,0,0.461538461538462,0,0,0,NA
"9473",599,1,0.75,9,12,NA,0,0,0.75,0,0,0,NA
"9485",600,1,0.454545454545455,10,22,0,0,1,0.476190476190476,0,0,0,NA
"9507",601,1,0.8125,13,16,0.5,2,4,0.916666666666667,0,0,0,NA
"9523",602,0,0.391304347826087,9,23,0.5,1,2,0.380952380952381,0,0,0,NA
"9546",603,1,0.1875,3,16,0,0,3,0.230769230769231,0,0,0,NA
"9562",604,1,0.25,3,12,NA,0,0,0.25,0,0,0,NA
"9574",605,0,0.565217391304348,13,23,0.625,5,8,0.533333333333333,1,5,3,0.6
"9597",606,0,0.4,10,25,0.333333333333333,2,6,0.421052631578947,0,0,0,NA
"9622",607,1,0.470588235294118,8,17,0,0,1,0.5,0,0,0,NA
"9639",608,1,0.428571428571429,6,14,0,0,1,0.461538461538462,0,0,0,NA
"9653",609,1,0.5,9,18,NA,0,0,0.5,0,0,0,NA
"9671",610,1,0.409090909090909,9,22,NA,0,0,0.409090909090909,0,0,0,NA
"9693",611,1,0.25,2,8,NA,0,0,0.25,0,0,0,NA
"9701",612,1,0.727272727272727,8,11,NA,0,0,0.727272727272727,0,0,0,NA
"9712",613,1,0.5,6,12,NA,0,0,0.5,0,0,0,NA
"9724",614,0,0.588235294117647,10,17,NA,0,0,0.588235294117647,0,0,0,NA
"9741",615,1,0.19047619047619,4,21,NA,0,0,0.19047619047619,0,0,0,NA
"9762",616,0,0.277777777777778,5,18,0,0,1,0.294117647058824,0,0,0,NA
"9780",617,0,0.388888888888889,7,18,0.666666666666667,2,3,0.333333333333333,0,0,0,NA
"9798",618,1,0.318181818181818,7,22,NA,0,0,0.318181818181818,0,0,0,NA
"9820",619,0,0.318181818181818,7,22,0,0,1,0.333333333333333,0,0,0,NA
"9842",620,1,0.478260869565217,11,23,0,0,1,0.5,0,0,0,NA
"9865",621,1,0.625,10,16,0.666666666666667,2,3,0.615384615384615,0,0,0,NA
"9881",622,1,0.421052631578947,8,19,NA,0,0,0.421052631578947,0,0,0,NA
"9900",623,0,0.523809523809524,11,21,0,0,2,0.578947368421053,0,0,0,NA
"9921",624,0,0.666666666666667,14,21,1,2,2,0.631578947368421,0,0,0,NA
"9942",625,1,0.333333333333333,7,21,0,0,1,0.35,0,0,0,NA
"9963",626,1,0.473684210526316,9,19,0.5,1,2,0.470588235294118,0,0,0,NA
"9982",627,0,0.444444444444444,8,18,0.666666666666667,2,3,0.4,0,0,0,NA
"10000",628,1,0.375,6,16,NA,0,0,0.375,0,0,0,NA
"10016",629,1,0.4375,7,16,1,1,1,0.4,0,0,0,NA
"10032",630,1,0.461538461538462,6,13,NA,0,0,0.461538461538462,0,0,0,NA
"10045",631,1,0.388888888888889,7,18,0,0,1,0.411764705882353,0,0,0,NA
"10063",632,1,0.416666666666667,10,24,0.333333333333333,1,3,0.428571428571429,0,0,0,NA
"10087",633,0,0.4375,7,16,0.5,2,4,0.416666666666667,0,0,0,NA
"10103",634,1,0.45,9,20,0.5,1,2,0.444444444444444,0,0,0,NA
"10123",635,1,0.466666666666667,7,15,NA,0,0,0.466666666666667,0,0,0,NA
"10138",636,1,0.285714285714286,4,14,0,0,2,0.333333333333333,0,0,0,NA
"10152",637,0,0.380952380952381,8,21,0,0,3,0.444444444444444,0,0,0,NA
"10173",638,1,0.5,8,16,NA,0,0,0.5,0,0,0,NA
"10189",639,1,0.642857142857143,9,14,1,2,2,0.583333333333333,0,0,0,NA
"10203",640,1,0.538461538461538,7,13,NA,0,0,0.538461538461538,0,0,0,NA
"10216",641,1,0.555555555555556,5,9,NA,0,0,0.555555555555556,0,0,0,NA
"10225",642,1,0.454545454545455,5,11,NA,0,0,0.454545454545455,0,0,0,NA
"10236",643,0,0.583333333333333,7,12,NA,0,0,0.583333333333333,0,0,0,NA
"10248",644,0,0.375,6,16,NA,0,0,0.375,0,0,0,NA
"10264",645,0,0.25,6,24,NA,0,0,0.25,0,0,0,NA
"10288",646,1,0.615384615384615,8,13,NA,0,0,0.615384615384615,0,0,0,NA
"10301",647,1,0.55,11,20,0,0,2,0.611111111111111,0,0,0,NA
"10321",648,0,0.388888888888889,7,18,NA,0,0,0.388888888888889,0,0,0,NA
"10339",649,1,0.428571428571429,6,14,NA,0,0,0.428571428571429,0,0,0,NA
"10353",650,1,0.5,7,14,0,0,1,0.538461538461538,0,0,0,NA
"10367",651,1,0.470588235294118,8,17,0.5,1,2,0.466666666666667,0,0,0,NA
"10384",652,0,0.416666666666667,5,12,0,0,2,0.5,0,0,0,NA
"10396",653,1,0.5,4,8,NA,0,0,0.5,0,0,0,NA
"10404",654,0,0.533333333333333,8,15,1,2,2,0.461538461538462,0,0,0,NA
"10419",655,0,0.458333333333333,11,24,0.166666666666667,1,6,0.555555555555556,0,0,0,NA
"10443",656,1,0.55,11,20,0.666666666666667,2,3,0.529411764705882,1,2,2,1
"10463",657,0,0.307692307692308,8,26,0,0,2,0.333333333333333,0,0,0,NA
"10489",658,1,0.4,16,40,0,0,2,0.421052631578947,0,0,0,NA
"10529",659,1,0.307692307692308,8,26,0,0,2,0.333333333333333,0,0,0,NA
"10555",660,1,0.466666666666667,14,30,0.5,2,4,0.461538461538462,0,0,0,NA
"10585",661,1,0.666666666666667,20,30,NA,0,0,0.666666666666667,0,0,0,NA
"10615",662,0,0.5,7,14,NA,0,0,0.5,0,0,0,NA
"10629",663,0,0.352941176470588,12,34,NA,0,0,0.352941176470588,0,0,0,NA
"10663",664,0,0.272727272727273,12,44,0.25,2,8,0.277777777777778,0,0,0,NA
"10707",665,1,0.5,8,16,NA,0,0,0.5,0,0,0,NA
"10723",666,1,0.44,22,50,0.75,6,8,0.380952380952381,1,4,2,0.5
"10773",667,1,0.538461538461538,7,13,NA,0,0,0.538461538461538,0,0,0,NA
"10786",668,1,0.368421052631579,7,19,0,0,2,0.411764705882353,0,0,0,NA
"10805",669,1,0.461538461538462,6,13,1,1,1,0.416666666666667,0,0,0,NA
"10818",670,1,0.4,8,20,NA,0,0,0.4,0,0,0,NA
"10838",671,1,0.478260869565217,11,23,NA,0,0,0.478260869565217,0,0,0,NA
"10861",672,1,0.375,6,16,NA,0,0,0.375,0,0,0,NA
"10877",673,0,0.375,12,32,0,0,6,0.461538461538462,0,0,0,NA
"10909",674,1,0.333333333333333,12,36,0,0,2,0.352941176470588,0,0,0,NA
"10945",675,1,0.294117647058824,10,34,NA,0,0,0.294117647058824,0,0,0,NA
"10979",676,1,0.357142857142857,5,14,0,0,1,0.384615384615385,0,0,0,NA
"10993",677,1,0.5,18,36,1,4,4,0.4375,0,0,0,NA
"11029",678,1,0.5,26,52,0.363636363636364,8,22,0.6,1,18,6,0.333333333333333
"11081",679,1,0.533333333333333,8,15,NA,0,0,0.533333333333333,0,0,0,NA
"11096",680,1,0.5,20,40,1,2,2,0.473684210526316,0,0,0,NA
"11136",681,1,0.411764705882353,14,34,NA,0,0,0.411764705882353,0,0,0,NA
"11170",682,1,0.454545454545455,5,11,0,0,2,0.555555555555556,0,0,0,NA
"11181",683,0,0.416666666666667,10,24,0,0,3,0.476190476190476,0,0,0,NA
"11205",684,0,0.384615384615385,10,26,0.666666666666667,4,6,0.3,0,0,0,NA
"11231",685,0,0.5,10,20,0,0,2,0.555555555555556,0,0,0,NA
"11251",686,0,0.380952380952381,16,42,0,0,2,0.4,0,0,0,NA
"11293",687,0,0.5,7,14,0,0,1,0.538461538461538,0,0,0,NA
"11307",688,1,0.3125,10,32,NA,0,0,0.3125,0,0,0,NA
"11339",689,1,0.565217391304348,26,46,0.285714285714286,4,14,0.6875,1,6,2,0.333333333333333
"11385",690,0,0.521739130434783,12,23,0,0,3,0.6,0,0,0,NA
"11408",691,1,0.375,6,16,0,0,2,0.428571428571429,0,0,0,NA
"11424",692,1,0.444444444444444,16,36,NA,0,0,0.444444444444444,0,0,0,NA
"11460",693,0,0.3125,10,32,0,0,2,0.333333333333333,0,0,0,NA
"11492",694,1,0.545454545454545,12,22,NA,0,0,0.545454545454545,0,0,0,NA
"11514",695,1,0.307692307692308,8,26,NA,0,0,0.307692307692308,0,0,0,NA
"11540",696,0,0.458333333333333,11,24,0.5,1,2,0.454545454545455,0,0,0,NA
"11564",697,0,0.45,18,40,0,0,2,0.473684210526316,0,0,0,NA
"11604",698,0,0.428571428571429,6,14,0,0,3,0.545454545454545,0,0,0,NA
"11618",699,0,0.285714285714286,8,28,NA,0,0,0.285714285714286,0,0,0,NA
"11646",700,0,0.476190476190476,20,42,0.333333333333333,2,6,0.5,0,0,0,NA
"11688",701,0,0.454545454545455,10,22,0,0,1,0.476190476190476,0,0,0,NA
"11710",702,1,0.384615384615385,10,26,NA,0,0,0.384615384615385,0,0,0,NA
"11736",703,1,0.6,18,30,NA,0,0,0.6,0,0,0,NA
"11766",704,1,0.294117647058824,10,34,0,0,4,0.333333333333333,0,0,0,NA
"11800",705,0,0.173913043478261,8,46,0,0,4,0.19047619047619,0,0,0,NA
"11846",706,1,0.52,13,25,0.333333333333333,1,3,0.545454545454545,0,0,0,NA
"11871",707,0,0.545454545454545,24,44,0.5,2,4,0.55,0,0,0,NA
"11915",708,1,0.44,11,25,0,0,1,0.458333333333333,0,0,0,NA
"11940",709,1,0.611111111111111,11,18,NA,0,0,0.611111111111111,0,0,0,NA
"11958",710,1,0.592592592592593,16,27,1,1,1,0.576923076923077,0,0,0,NA
"11985",711,1,0.458333333333333,11,24,0.285714285714286,2,7,0.529411764705882,1,4,1,0.25
"12009",712,1,0.423076923076923,11,26,0,0,1,0.44,0,0,0,NA
"12035",713,0,0.52,13,25,1,1,1,0.5,0,0,0,NA
"12060",714,1,0.35,14,40,0,0,2,0.368421052631579,0,0,0,NA
"12100",715,0,0.375,6,16,0.5,1,2,0.357142857142857,0,0,0,NA
"12116",716,0,0.473684210526316,9,19,0,0,1,0.5,0,0,0,NA
"12135",717,0,0.444444444444444,12,27,0,0,1,0.461538461538462,0,0,0,NA
"12162",718,1,0.333333333333333,5,15,0,0,2,0.384615384615385,0,0,0,NA
"12177",719,0,0.444444444444444,8,18,0,0,1,0.470588235294118,0,0,0,NA
"12195",720,1,0.461538461538462,24,52,1,4,4,0.416666666666667,0,0,0,NA
"12247",721,1,0.473684210526316,18,38,NA,0,0,0.473684210526316,0,0,0,NA
"12285",722,1,0.285714285714286,12,42,0,0,2,0.3,0,0,0,NA
"12327",723,0,0.333333333333333,10,30,0,0,2,0.357142857142857,0,0,0,NA
"12357",724,0,0.380952380952381,8,21,0.333333333333333,1,3,0.388888888888889,0,0,0,NA
"12378",725,1,0.388888888888889,14,36,0.166666666666667,2,12,0.5,1,10,2,0.2
"12414",726,0,0.307692307692308,8,26,0.5,1,2,0.291666666666667,0,0,0,NA
"12440",727,1,0.391304347826087,18,46,1,4,4,0.333333333333333,0,0,0,NA
"12486",728,1,0.277777777777778,10,36,0,0,2,0.294117647058824,0,0,0,NA
"12522",729,1,0.565217391304348,26,46,NA,0,0,0.565217391304348,0,0,0,NA
"12568",730,0,0.454545454545455,10,22,NA,0,0,0.454545454545455,0,0,0,NA
"12590",731,1,0.454545454545455,10,22,NA,0,0,0.454545454545455,0,0,0,NA
"12612",732,1,0.214285714285714,6,28,NA,0,0,0.214285714285714,0,0,0,NA
"12640",733,0,0.315789473684211,12,38,0,0,4,0.352941176470588,0,0,0,NA
"12678",734,1,0.45,18,40,NA,0,0,0.45,0,0,0,NA
"12718",735,1,0.523809523809524,22,42,0,0,2,0.55,0,0,0,NA
"12760",736,1,0.619047619047619,26,42,0.5,2,4,0.631578947368421,0,0,0,NA
"12802",737,0,0.238095238095238,5,21,0,0,3,0.277777777777778,1,3,0,0
"12823",738,0,0.333333333333333,16,48,0,0,4,0.363636363636364,0,0,0,NA
"12871",739,1,0.409090909090909,9,22,NA,0,0,0.409090909090909,0,0,0,NA
"12893",740,1,0.5,8,16,1,1,1,0.466666666666667,0,0,0,NA
"12909",741,1,0.454545454545455,10,22,0.333333333333333,2,6,0.5,1,4,1,0.25
"12931",742,1,0.380952380952381,8,21,0.333333333333333,1,3,0.388888888888889,1,2,1,0.5
"12952",743,1,0.45,9,20,1,1,1,0.421052631578947,0,0,0,NA
"12972",744,0,0.117647058823529,4,34,1,2,2,0.0625,0,0,0,NA
"13006",745,0,0.32,8,25,0.75,3,4,0.238095238095238,0,0,0,NA
"13031",746,1,0.625,20,32,NA,0,0,0.625,0,0,0,NA
"13063",747,1,0.214285714285714,6,28,0,0,2,0.230769230769231,0,0,0,NA
"13091",748,0,0.555555555555556,5,9,NA,0,0,0.555555555555556,0,0,0,NA
"13100",749,1,0.409090909090909,18,44,1,4,4,0.35,0,0,0,NA
"13144",750,0,0.291666666666667,7,24,0,0,2,0.318181818181818,0,0,0,NA
"13168",751,1,0.166666666666667,3,18,1,1,1,0.117647058823529,0,0,0,NA
"13186",752,1,0.6,15,25,1,1,1,0.583333333333333,0,0,0,NA
"13211",753,1,0.75,18,24,1,4,4,0.7,0,0,0,NA
"13235",754,1,0.666666666666667,20,30,1,2,2,0.642857142857143,0,0,0,NA
"13265",755,0,0.352941176470588,12,34,0.333333333333333,2,6,0.357142857142857,0,0,0,NA
"13299",756,0,0.666666666666667,12,18,NA,0,0,0.666666666666667,0,0,0,NA
"13317",757,1,0.380952380952381,16,42,0.571428571428571,8,14,0.285714285714286,1,10,4,0.4
"13359",758,1,0.444444444444444,8,18,NA,0,0,0.444444444444444,0,0,0,NA
"13377",759,1,0.56,14,25,0,0,3,0.636363636363636,0,0,0,NA
"13402",760,0,0.25,10,40,0,0,2,0.263157894736842,0,0,0,NA
"13442",761,1,0.333333333333333,7,21,NA,0,0,0.333333333333333,0,0,0,NA
"13463",762,0,0.407407407407407,11,27,0.25,1,4,0.434782608695652,0,0,0,NA
"13490",763,0,0.578947368421053,22,38,NA,0,0,0.578947368421053,0,0,0,NA
"13528",764,1,0.5,14,28,1,2,2,0.461538461538462,0,0,0,NA
"13556",765,0,0.411764705882353,7,17,NA,0,0,0.411764705882353,0,0,0,NA
"13573",766,0,0.391304347826087,9,23,0,0,2,0.428571428571429,0,0,0,NA
"13596",767,1,0.428571428571429,18,42,0.5,2,4,0.421052631578947,0,0,0,NA
"13638",768,0,0.375,18,48,0.25,2,8,0.4,0,0,0,NA
"13686",769,0,0.533333333333333,16,30,0.5,1,2,0.535714285714286,0,0,0,NA
"13716",770,0,0.769230769230769,20,26,1,2,2,0.75,0,0,0,NA
"13742",771,0,0.473684210526316,18,38,0.5,2,4,0.470588235294118,0,0,0,NA
"13780",772,0,0.611111111111111,22,36,NA,0,0,0.611111111111111,0,0,0,NA
"13816",773,1,0.555555555555556,10,18,NA,0,0,0.555555555555556,0,0,0,NA
"13834",774,0,0.4375,7,16,0.75,3,4,0.333333333333333,0,0,0,NA
"13850",775,1,0.5625,18,32,NA,0,0,0.5625,0,0,0,NA
"13882",776,1,0.428571428571429,12,28,NA,0,0,0.428571428571429,0,0,0,NA
"13910",777,0,0.625,20,32,NA,0,0,0.625,0,0,0,NA
"13942",778,1,0.428571428571429,18,42,NA,0,0,0.428571428571429,0,0,0,NA
"13984",779,1,0.529411764705882,18,34,NA,0,0,0.529411764705882,0,0,0,NA
"14018",780,1,0.461538461538462,12,26,0.333333333333333,2,6,0.5,0,0,0,NA
"14044",781,0,0.555555555555556,20,36,NA,0,0,0.555555555555556,0,0,0,NA
"14080",782,0,0.2,3,15,0,0,2,0.230769230769231,0,0,0,NA
"14095",783,1,0.444444444444444,4,9,NA,0,0,0.444444444444444,0,0,0,NA
"14104",784,0,0.375,9,24,1,1,1,0.347826086956522,0,0,0,NA
"14128",785,1,0.363636363636364,4,11,NA,0,0,0.363636363636364,0,0,0,NA
"14139",786,0,0.416666666666667,20,48,0.5,4,8,0.4,0,0,0,NA
"14187",787,0,0.416666666666667,10,24,0.333333333333333,1,3,0.428571428571429,0,0,0,NA
"14211",788,1,0.6,18,30,NA,0,0,0.6,0,0,0,NA
"14241",789,0,0.473684210526316,9,19,0.5,1,2,0.470588235294118,0,0,0,NA
"14260",790,0,0.35,7,20,0,0,1,0.368421052631579,0,0,0,NA
"14280",791,0,0.666666666666667,12,18,0.5,1,2,0.6875,0,0,0,NA
"14298",792,0,0.428571428571429,18,42,0.5,2,4,0.421052631578947,0,0,0,NA
"14340",793,1,0.25,6,24,0,0,1,0.260869565217391,0,0,0,NA
"14364",794,1,0.555555555555556,10,18,NA,0,0,0.555555555555556,0,0,0,NA
"14382",795,1,0.421052631578947,16,38,0.5,2,4,0.411764705882353,0,0,0,NA
"14420",796,1,0.4,14,35,0.666666666666667,4,6,0.344827586206897,1,5,3,0.6
"14455",797,1,0.571428571428571,12,21,NA,0,0,0.571428571428571,0,0,0,NA
"14476",798,0,0.421052631578947,8,19,1,1,1,0.388888888888889,0,0,0,NA
"14495",799,1,0.5,12,24,NA,0,0,0.5,0,0,0,NA
"14519",800,0,0.5,26,52,0.5,2,4,0.5,0,0,0,NA
"14571",801,0,0.6,15,25,0.5,2,4,0.619047619047619,0,0,0,NA
"14596",802,0,0.45,9,20,0.5,1,2,0.444444444444444,0,0,0,NA
"14616",803,0,0.352941176470588,12,34,NA,0,0,0.352941176470588,0,0,0,NA
"14650",804,0,0.363636363636364,8,22,0,0,2,0.4,0,0,0,NA
"14672",805,0,0.363636363636364,8,22,NA,0,0,0.363636363636364,0,0,0,NA
"14694",806,1,0.555555555555556,5,9,NA,0,0,0.555555555555556,0,0,0,NA
"14703",807,1,0.533333333333333,8,15,NA,0,0,0.533333333333333,0,0,0,NA
"14718",808,0,0.263157894736842,5,19,0,0,1,0.277777777777778,0,0,0,NA
"14737",809,0,0.333333333333333,18,54,0.5,4,8,0.304347826086957,0,0,0,NA
"14791",810,0,0.352941176470588,6,17,NA,0,0,0.352941176470588,0,0,0,NA
"14808",811,0,0.523809523809524,11,21,NA,0,0,0.523809523809524,0,0,0,NA
"14829",812,1,0.777777777777778,14,18,NA,0,0,0.777777777777778,0,0,0,NA
"14847",813,1,0.636363636363636,7,11,1,2,2,0.555555555555556,0,0,0,NA
"14858",814,1,0.3,3,10,NA,0,0,0.3,0,0,0,NA
"14868",815,0,0.4375,14,32,0.333333333333333,2,6,0.461538461538462,0,0,0,NA
"14900",816,1,0.363636363636364,8,22,0,0,2,0.4,0,0,0,NA
"14922",817,1,0.4,12,30,1,2,2,0.357142857142857,0,0,0,NA
"14952",818,1,0.4,16,40,1,2,2,0.368421052631579,0,0,0,NA
"14992",819,0,0.583333333333333,14,24,NA,0,0,0.583333333333333,0,0,0,NA
"15016",820,1,0.384615384615385,5,13,0.5,1,2,0.363636363636364,0,0,0,NA
"15029",821,0,0.529411764705882,9,17,1,1,1,0.5,0,0,0,NA
"15046",822,1,0.2,2,10,NA,0,0,0.2,0,0,0,NA
"15056",823,0,0.454545454545455,10,22,NA,0,0,0.454545454545455,0,0,0,NA
"15078",824,1,0.333333333333333,10,30,NA,0,0,0.333333333333333,0,0,0,NA
"15108",825,1,0.684210526315789,13,19,0,0,1,0.722222222222222,0,0,0,NA
"15127",826,1,0.631578947368421,24,38,1,2,2,0.611111111111111,0,0,0,NA
"15165",827,0,0.578947368421053,22,38,NA,0,0,0.578947368421053,0,0,0,NA
"15203",828,1,0.611111111111111,11,18,NA,0,0,0.611111111111111,0,0,0,NA
"15221",829,1,0.523809523809524,11,21,0.5,1,2,0.526315789473684,0,0,0,NA
"15242",830,0,0.571428571428571,16,28,NA,0,0,0.571428571428571,0,0,0,NA
"15270",831,1,0.647058823529412,22,34,1,6,6,0.571428571428571,0,0,0,NA
"15304",832,1,0.428571428571429,6,14,0.4,2,5,0.444444444444444,1,3,1,0.333333333333333
"15318",833,1,0.466666666666667,7,15,1,1,1,0.428571428571429,0,0,0,NA
"15333",834,1,0.25,3,12,NA,0,0,0.25,0,0,0,NA
"15345",835,0,0.407407407407407,11,27,0.25,1,4,0.434782608695652,0,0,0,NA
"15372",836,1,0,0,6,NA,0,0,0,0,0,0,NA
"15378",837,0,0.5,16,32,0.2,2,10,0.636363636363636,0,0,0,NA
"15410",838,0,0.391304347826087,9,23,1,2,2,0.333333333333333,0,0,0,NA
"15433",839,1,0.571428571428571,16,28,0.5,2,4,0.583333333333333,0,0,0,NA
"15461",840,0,0.3125,5,16,NA,0,0,0.3125,0,0,0,NA
"15477",841,1,0.266666666666667,4,15,0,0,1,0.285714285714286,0,0,0,NA
"15492",842,1,0.466666666666667,14,30,NA,0,0,0.466666666666667,0,0,0,NA
"15522",843,1,0.409090909090909,9,22,0,0,2,0.45,0,0,0,NA
"15544",844,0,0.3125,5,16,0,0,1,0.333333333333333,0,0,0,NA
"15560",845,1,0.416666666666667,10,24,0,0,2,0.454545454545455,0,0,0,NA
"15584",846,1,0.523809523809524,22,42,0,0,2,0.55,0,0,0,NA
"15626",847,1,0.294117647058824,10,34,NA,0,0,0.294117647058824,0,0,0,NA
"15660",848,0,0.222222222222222,2,9,0,0,1,0.25,0,0,0,NA
"15669",849,0,0.5,6,12,0.5,2,4,0.5,0,0,0,NA
"15681",850,0,0.4,4,10,NA,0,0,0.4,0,0,0,NA
"15691",851,1,0.5,6,12,1,1,1,0.454545454545455,0,0,0,NA
"15703",852,0,0.272727272727273,3,11,0,0,2,0.333333333333333,0,0,0,NA
"15714",853,1,0.5,8,16,0,0,1,0.533333333333333,0,0,0,NA
"15730",854,0,0.333333333333333,10,30,NA,0,0,0.333333333333333,0,0,0,NA
"15760",855,0,0.476190476190476,20,42,NA,0,0,0.476190476190476,0,0,0,NA
"15802",856,0,0.416666666666667,5,12,0.5,1,2,0.4,0,0,0,NA
"15814",857,0,0.434782608695652,20,46,NA,0,0,0.434782608695652,0,0,0,NA
"15860",858,0,0.4,28,70,0.333333333333333,2,6,0.40625,0,0,0,NA
"15930",859,1,0.411764705882353,7,17,NA,0,0,0.411764705882353,0,0,0,NA
"15947",860,0,0.45,18,40,0.333333333333333,2,6,0.470588235294118,0,0,0,NA
"15987",861,0,0.4,10,25,NA,0,0,0.4,0,0,0,NA
"16012",862,0,0.0769230769230769,1,13,NA,0,0,0.0769230769230769,0,0,0,NA
"16025",863,0,0.541666666666667,26,48,NA,0,0,0.541666666666667,0,0,0,NA
"16073",864,1,0.5625,18,32,0.5,2,4,0.571428571428571,0,0,0,NA
"16105",865,1,0.304347826086957,14,46,0.5,2,4,0.285714285714286,0,0,0,NA
"16151",866,0,0.352941176470588,12,34,NA,0,0,0.352941176470588,0,0,0,NA
"16185",867,0,0.45,18,40,0.166666666666667,2,12,0.571428571428571,1,6,2,0.333333333333333
"16225",868,0,0.272727272727273,6,22,0,0,4,0.333333333333333,0,0,0,NA
"16247",869,0,0.5,16,32,0,0,2,0.533333333333333,0,0,0,NA
"16279",870,1,0.380952380952381,16,42,0.333333333333333,4,12,0.4,1,6,2,0.333333333333333
"16321",871,1,0.3,3,10,NA,0,0,0.3,0,0,0,NA
"16331",872,0,0.388888888888889,14,36,0,0,4,0.4375,0,0,0,NA
"16367",873,0,0.470588235294118,8,17,NA,0,0,0.470588235294118,0,0,0,NA
"16384",874,0,0.266666666666667,8,30,NA,0,0,0.266666666666667,0,0,0,NA
"16414",875,1,0.375,18,48,0,0,2,0.391304347826087,0,0,0,NA
"16462",876,1,0.1875,3,16,0,0,4,0.25,1,2,0,0
"16478",877,1,0.375,12,32,0.5,2,4,0.357142857142857,0,0,0,NA
"16510",878,0,0.32,16,50,NA,0,0,0.32,0,0,0,NA
"16560",879,0,0.1,2,20,0,0,4,0.125,0,0,0,NA
"16580",880,0,0.307692307692308,8,26,0,0,1,0.32,0,0,0,NA
"16606",881,0,0.4,4,10,NA,0,0,0.4,0,0,0,NA
"16616",882,1,0.5,8,16,NA,0,0,0.5,0,0,0,NA
"16632",883,0,0.416666666666667,5,12,0.333333333333333,1,3,0.444444444444444,0,0,0,NA
"16644",884,1,0.545454545454545,12,22,1,2,2,0.5,0,0,0,NA
"16666",885,0,0.2,4,20,NA,0,0,0.2,0,0,0,NA
"16686",886,0,0.133333333333333,2,15,0.25,1,4,0.0909090909090909,0,0,0,NA
"16701",887,0,0.5,10,20,1,2,2,0.444444444444444,0,0,0,NA
"16721",888,0,0.363636363636364,8,22,NA,0,0,0.363636363636364,0,0,0,NA
"16743",889,0,0.347826086956522,16,46,0,0,2,0.363636363636364,0,0,0,NA
"16789",890,0,0.416666666666667,10,24,NA,0,0,0.416666666666667,0,0,0,NA
"16813",891,0,0.25,6,24,0,0,2,0.272727272727273,0,0,0,NA
"16837",892,0,0.444444444444444,8,18,NA,0,0,0.444444444444444,0,0,0,NA
"16855",893,1,0.333333333333333,8,24,0,0,2,0.363636363636364,0,0,0,NA
"16879",894,0,0.333333333333333,5,15,0,0,2,0.384615384615385,0,0,0,NA
"16894",895,0,0.461538461538462,6,13,0,0,1,0.5,0,0,0,NA
"16907",896,1,0.285714285714286,8,28,NA,0,0,0.285714285714286,0,0,0,NA
"16935",897,0,0.363636363636364,4,11,0.5,1,2,0.333333333333333,0,0,0,NA
"16946",898,0,0.25,4,16,NA,0,0,0.25,0,0,0,NA
"16962",899,0,0.0833333333333333,1,12,NA,0,0,0.0833333333333333,0,0,0,NA
"16974",900,0,0.388888888888889,14,36,0,0,2,0.411764705882353,0,0,0,NA
"17010",901,0,0.25,8,32,0.666666666666667,4,6,0.153846153846154,0,0,0,NA
"17042",902,0,0.2,8,40,0,0,2,0.210526315789474,0,0,0,NA
"17082",903,1,0.454545454545455,10,22,0.666666666666667,2,3,0.421052631578947,0,0,0,NA
"17104",904,0,0.125,4,32,0,0,2,0.133333333333333,0,0,0,NA
"17136",905,0,0.0833333333333333,1,12,NA,0,0,0.0833333333333333,0,0,0,NA
"17148",906,0,0.538461538461538,14,26,NA,0,0,0.538461538461538,0,0,0,NA
"17174",907,0,0.416666666666667,10,24,NA,0,0,0.416666666666667,0,0,0,NA
"17198",908,0,0.454545454545455,10,22,NA,0,0,0.454545454545455,0,0,0,NA
"17220",909,0,0.5625,9,16,NA,0,0,0.5625,0,0,0,NA
"17236",910,1,0.416666666666667,10,24,NA,0,0,0.416666666666667,0,0,0,NA
"17260",911,0,0.6,9,15,NA,0,0,0.6,0,0,0,NA
"17275",912,1,0.428571428571429,18,42,0.5,2,4,0.421052631578947,0,0,0,NA
"17317",913,0,0.388888888888889,14,36,NA,0,0,0.388888888888889,0,0,0,NA
"17353",914,0,0.4,4,10,NA,0,0,0.4,0,0,0,NA
"17363",915,0,0.384615384615385,10,26,NA,0,0,0.384615384615385,0,0,0,NA
"17389",916,0,0.25,4,16,0.333333333333333,1,3,0.230769230769231,0,0,0,NA
"17405",917,1,0.214285714285714,6,28,1,2,2,0.153846153846154,0,0,0,NA
"17433",918,0,0.5,8,16,NA,0,0,0.5,0,0,0,NA
"17449",919,0,0.466666666666667,14,30,0,0,2,0.5,0,0,0,NA
"17479",920,1,0.333333333333333,2,6,NA,0,0,0.333333333333333,0,0,0,NA
"17485",921,0,0.25,3,12,NA,0,0,0.25,0,0,0,NA
"17497",922,0,0.333333333333333,2,6,NA,0,0,0.333333333333333,0,0,0,NA
"17503",923,0,0.5,2,4,NA,0,0,0.5,0,0,0,NA
"17507",924,0,0.363636363636364,8,22,NA,0,0,0.363636363636364,0,0,0,NA
"17529",925,0,0.222222222222222,4,18,NA,0,0,0.222222222222222,0,0,0,NA
"17547",926,0,0.625,5,8,NA,0,0,0.625,0,0,0,NA
"17555",927,0,0.333333333333333,4,12,NA,0,0,0.333333333333333,0,0,0,NA
"17567",928,0,0.5,16,32,NA,0,0,0.5,0,0,0,NA
"17599",929,1,0.470588235294118,8,17,1,1,1,0.4375,0,0,0,NA
"17616",930,1,0.3,12,40,0.5,2,4,0.277777777777778,0,0,0,NA
"17656",931,0,0.32,16,50,0,0,2,0.333333333333333,0,0,0,NA
"17706",932,0,0.19047619047619,8,42,0,0,8,0.235294117647059,0,0,0,NA
"17748",933,0,0.333333333333333,10,30,1,2,2,0.285714285714286,0,0,0,NA
"17778",934,0,0.4,8,20,0.5,1,2,0.388888888888889,0,0,0,NA
"17798",935,0,0.384615384615385,10,26,0,0,2,0.416666666666667,0,0,0,NA
"17824",936,0,0.2,2,10,NA,0,0,0.2,0,0,0,NA
"17834",937,0,0.3,3,10,NA,0,0,0.3,0,0,0,NA
"17844",938,0,0.5,1,2,NA,0,0,0.5,0,0,0,NA
"17846",939,1,0.333333333333333,6,18,NA,0,0,0.333333333333333,0,0,0,NA
"17864",940,0,0.846153846153846,11,13,NA,0,0,0.846153846153846,0,0,0,NA
"17877",941,0,0.357142857142857,5,14,0.333333333333333,1,3,0.363636363636364,0,0,0,NA
"17891",942,1,0.333333333333333,5,15,NA,0,0,0.333333333333333,0,0,0,NA
"17906",943,0,0.384615384615385,10,26,0,0,2,0.416666666666667,0,0,0,NA
"17932",944,0,0.388888888888889,14,36,NA,0,0,0.388888888888889,0,0,0,NA
"17968",945,0,0.416666666666667,5,12,NA,0,0,0.416666666666667,0,0,0,NA
"17980",946,0,0,0,16,NA,0,0,0,0,0,0,NA
"17996",947,1,0.142857142857143,2,14,NA,0,0,0.142857142857143,0,0,0,NA
"18010",948,0,0.238095238095238,5,21,0,0,2,0.263157894736842,0,0,0,NA
"18031",949,0,0.111111111111111,1,9,NA,0,0,0.111111111111111,0,0,0,NA
"18040",950,0,0.25,8,32,NA,0,0,0.25,0,0,0,NA
"18072",951,0,0.285714285714286,8,28,NA,0,0,0.285714285714286,0,0,0,NA
"18100",952,0,0.473684210526316,18,38,NA,0,0,0.473684210526316,0,0,0,NA
"18138",953,0,0.333333333333333,6,18,NA,0,0,0.333333333333333,0,0,0,NA
"18156",954,1,0.441860465116279,38,86,1,4,4,0.414634146341463,0,0,0,NA
